<?xml version="1.0" encoding="utf-8"?>
<!DOCTYPE hibernate-mapping PUBLIC "-//Hibernate/Hibernate Mapping DTD 3.0//EN"
"http://hibernate.sourceforge.net/hibernate-mapping-3.0.dtd">
<hibernate-mapping>
	<class name="com.nenu.bean.Announces" table="t_announce">
		<id name="id" type="int">
			<column name="id" />
			<generator class="native"></generator>
		</id>
		<property name="announcement" column="announcement" type="string" length="20000">
		</property>
		<property name="title" type="string" column="title" length="100">
		</property>
		<property name="thetime" type="java.sql.Timestamp" column="newtime">
		</property>
	</class>
</hibernate-mapping>
