<?xml version="1.0" encoding="utf-8"?>
<!DOCTYPE hibernate-mapping PUBLIC "-//Hibernate/Hibernate Mapping DTD 3.0//EN"
"http://hibernate.sourceforge.net/hibernate-mapping-3.0.dtd">
<hibernate-mapping>
	<class name="com.nenu.bean.Categorys" table="t_category"
		batch-size="5">
		<id name="id" type="int">
			<column name="id" />
			<generator class="increment"></generator>
		</id>
		<property name="name" type="string">
			<column name="name" length="30" />
		</property>
		<property name="countTopics" type="int">
			<column name="count_topics" />
		</property>
		<property name="countComments" type="int">
			<column name="count_comments" />
		</property>
	</class>
</hibernate-mapping>
